{
 "countries": 
    [
          {"name": "Afghanistan", "iso": "AF"},
          {"name": "African Italy", "iso": "IT"},
          {"name": "Agalega & St. Brandon", "iso": "MU"},
          {"name": "Aland Islands", "iso": "AX"},
          {"name": "Alaska", "iso": "US"},
          {"name": "Albania", "iso": "AL"},
          {"name": "Algeria", "iso": "DZ"},
          {"name": "American Samoa", "iso": "AS"},
          {"name": "Amsterdam & St. Paul Is.", "iso": "FR"},
          {"name": "Andaman & Nicobar Is.", "iso": "IN"},
          {"name": "Andorra", "iso": "AD"},
          {"name": "Angola", "iso": "AO"},
          {"name": "Anguilla", "iso": "AI"},
          {"name": "Annobon Island", "iso": "GQ"},
          {"name": "Antarctica", "iso": "AQ"},
          {"name": "Antigua & Barbuda", "iso": "AG"},
          {"name": "Argentina", "iso": "AR"},
          {"name": "Armenia", "iso": "AM"},
          {"name": "Aruba", "iso": "AW"},
          {"name": "Ascension Island", "iso": "SH"},
          {"name": "Asiatic Russia", "iso": "RU"},
          {"name": "Asiatic Turkey", "iso": "TR"},
          {"name": "Austral Islands", "iso": "PF"},
          {"name": "Australia", "iso": "AU"},
          {"name": "Austria", "iso": "AT"},
          {"name": "Aves Island", "iso": "VE"},
          {"name": "Azerbaijan", "iso": "AZ"},
          {"name": "Azores", "iso": "PT"},
          {"name": "Bahamas", "iso": "BS"},
          {"name": "Bahrain", "iso": "BH"},
          {"name": "Baker & Howland Islands", "iso": "UM"},
          {"name": "Balearic Islands", "iso": "ES"},
          {"name": "Banaba Island", "iso": "KI"},
          {"name": "Bangladesh", "iso": "BD"},
          {"name": "Barbados", "iso": "BB"},
          {"name": "Bear Island", "iso": "SJ"},
          {"name": "Belarus", "iso": "BY"},
          {"name": "Belgium", "iso": "BE"},
          {"name": "Belize", "iso": "BZ"},
          {"name": "Benin", "iso": "BJ"},
          {"name": "Bermuda", "iso": "BM"},
          {"name": "Bhutan", "iso": "BT"},
          {"name": "Bolivia", "iso": "BO"},
          {"name": "Bonaire", "iso": "BQ"},
          {"name": "Bosnia-Herzegovina", "iso": "BA"},
          {"name": "Botswana", "iso": "BW"},
          {"name": "Bouvet", "iso": "BV"},
          {"name": "Brazil", "iso": "BR"},
          {"name": "British Virgin Islands", "iso": "VG"},
          {"name": "Brunei Darussalam", "iso": "BN"},
          {"name": "Bulgaria", "iso": "BG"},
          {"name": "Burkina Faso", "iso": "BF"},
          {"name": "Burundi", "iso": "BI"},
          {"name": "Cambodia", "iso": "KH"},
          {"name": "Cameroon", "iso": "CM"},
          {"name": "Canada", "iso": "CA"},
          {"name": "Canary Islands", "iso": "ES"},
          {"name": "Cape Verde", "iso": "CV"},
          {"name": "Cayman Islands", "iso": "KY"},
          {"name": "Central African Republic", "iso": "CF"},
          {"name": "Central Kiribati", "iso": "KI"},
          {"name": "Ceuta & Melilla", "iso": "ES"},
          {"name": "Chad", "iso": "TD"},
          {"name": "Chagos Islands", "iso": "IO"},
          {"name": "Chatham Islands", "iso": "NZ"},
          {"name": "Chesterfield Islands", "iso": "FR"},
          {"name": "Chile", "iso": "CL"},
          {"name": "China", "iso": "CN"},
          {"name": "Christmas Island", "iso": "CX"},
          {"name": "Clipperton Island", "iso": "FR"},
          {"name": "Cocos (Keeling) Islands", "iso": "CC"},
          {"name": "Cocos Island", "iso": "CR"},
          {"name": "Colombia", "iso": "CO"},
          {"name": "Comoros", "iso": "KM"},
          {"name": "Conway Reef", "iso": "FJ"},
          {"name": "Corsica", "iso": "FR"},
          {"name": "Costa Rica", "iso": "CR"},
          {"name": "Cote d'Ivoire", "iso": "CI"},
          {"name": "Crete", "iso": "GR"},
          {"name": "Croatia", "iso": "HR"},
          {"name": "Crozet Island", "iso": "TF"},
          {"name": "Cuba", "iso": "CU"},
          {"name": "Curacao", "iso": "CW"},
          {"name": "Cyprus", "iso": "CY"},
          {"name": "Czech Republic", "iso": "CZ"},
          {"name": "Dem. Rep. of the Congo", "iso": "CD"},
          {"name": "Denmark", "iso": "DK"},
          {"name": "Desecheo Island", "iso": "US"},
          {"name": "Djibouti", "iso": "DJ"},
          {"name": "Dodecanese", "iso": "GR"},
          {"name": "Dominica", "iso": "DM"},
          {"name": "Dominican Republic", "iso": "DO"},
          {"name": "DPR of Korea", "iso": "KP"},
          {"name": "Ducie Island", "iso": "PN"},
          {"name": "East Malaysia", "iso": "MY"},
          {"name": "Easter Island", "iso": "CL"},
          {"name": "Eastern Kiribati", "iso": "KI"},
          {"name": "Ecuador", "iso": "EC"},
          {"name": "Egypt", "iso": "EG"},
          {"name": "El Salvador", "iso": "SV"},
          {"name": "England", "iso": "GB"},
          {"name": "Equatorial Guinea", "iso": "GQ"},
          {"name": "Eritrea", "iso": "ER"},
          {"name": "Estonia", "iso": "EE"},
          {"name": "Ethiopia", "iso": "ET"},
          {"name": "European Russia", "iso": "RU"},
          {"name": "European Turkey", "iso": "TR"},
          {"name": "Falkland Islands", "iso": "FK"},
          {"name": "Faroe Islands", "iso": "FO"},
          {"name": "Fed. Rep. of Germany", "iso": "DE"},
          {"name": "Fernando de Noronha", "iso": "BR"},
          {"name": "Fiji", "iso": "FJ"},
          {"name": "Finland", "iso": "FI"},
          {"name": "France", "iso": "FR"},
          {"name": "Franz Josef Land", "iso": "RU"},
          {"name": "French Guiana", "iso": "GF"},
          {"name": "French Polynesia", "iso": "PF"},
          {"name": "Gabon", "iso": "GA"},
          {"name": "Galapagos Islands", "iso": "EC"},
          {"name": "Georgia", "iso": "GE"},
          {"name": "Ghana", "iso": "GH"},
          {"name": "Gibraltar", "iso": "GI"},
          {"name": "Glorioso Islands", "iso": "FR"},
          {"name": "Greece", "iso": "GR"},
          {"name": "Greenland", "iso": "GL"},
          {"name": "Grenada", "iso": "GD"},
          {"name": "Guadeloupe", "iso": "GP"},
          {"name": "Guam", "iso": "GU"},
          {"name": "Guantanamo Bay", "iso": "US"},
          {"name": "Guatemala", "iso": "GT"},
          {"name": "Guernsey", "iso": "GG"},
          {"name": "Guinea", "iso": "GN"},
          {"name": "Guinea-Bissau", "iso": "GW"},
          {"name": "Guyana", "iso": "GY"},
          {"name": "Haiti", "iso": "HT"},
          {"name": "Hawaii", "iso": "US"},
          {"name": "Heard Island", "iso": "HM"},
          {"name": "Honduras", "iso": "HN"},
          {"name": "Hong Kong", "iso": "HK"},
          {"name": "Hungary", "iso": "HU"},
          {"name": "Iceland", "iso": "IS"},
          {"name": "India", "iso": "IN"},
          {"name": "Indonesia", "iso": "ID"},
          {"name": "Iran", "iso": "IR"},
          {"name": "Iraq", "iso": "IQ"},
          {"name": "Ireland", "iso": "IE"},
          {"name": "Isle of Man", "iso": "IM"},
          {"name": "Israel", "iso": "IL"},
          {"name": "Italy", "iso": "IT"},
          {"name": "ITU HQ", "iso": ""},
          {"name": "Jamaica", "iso": "JM"},
          {"name": "Jan Mayen", "iso": "SJ"},
          {"name": "Japan", "iso": "JP"},
          {"name": "Jersey", "iso": "JE"},
          {"name": "Johnston Island", "iso": "UM"},
          {"name": "Jordan", "iso": "JO"},
          {"name": "Juan de Nova, Europa", "iso": "FR"},
          {"name": "Juan Fernandez Islands", "iso": "CL"},
          {"name": "Kaliningrad", "iso": "RU"},
          {"name": "Kazakhstan", "iso": "KZ"},
          {"name": "Kenya", "iso": "KE"},
          {"name": "Kerguelen Islands", "iso": "TF"},
          {"name": "Kermadec Islands", "iso": "NZ"},
          {"name": "Kingdom of Eswatini", "iso": "SZ"},
          {"name": "Kure Island", "iso": "UM"},
          {"name": "Kuwait", "iso": "KW"},
          {"name": "Kyrgyzstan", "iso": "KG"},
          {"name": "Lakshadweep Islands", "iso": "IN"},
          {"name": "Laos", "iso": "LA"},
          {"name": "Latvia", "iso": "LV"},
          {"name": "Lebanon", "iso": "LB"},
          {"name": "Lesotho", "iso": "LS"},
          {"name": "Liberia", "iso": "LR"},
          {"name": "Libya", "iso": "LY"},
          {"name": "Liechtenstein", "iso": "LI"},
          {"name": "Lithuania", "iso": "LT"},
          {"name": "Lord Howe Island", "iso": "AU"},
          {"name": "Luxembourg", "iso": "LU"},
          {"name": "Macao", "iso": "MO"},
          {"name": "Macquarie Island", "iso": "AU"},
          {"name": "Madagascar", "iso": "MG"},
          {"name": "Madeira Islands", "iso": "PT"},
          {"name": "Malawi", "iso": "MW"},
          {"name": "Maldives", "iso": "MV"},
          {"name": "Mali", "iso": "ML"},
          {"name": "Malpelo Island", "iso": "CO"},
          {"name": "Malta", "iso": "MT"},
          {"name": "Mariana Islands", "iso": "US"},
          {"name": "Market Reef", "iso": "SE"},
          {"name": "Marquesas Islands", "iso": "PF"},
          {"name": "Marshall Islands", "iso": "MH"},
          {"name": "Martinique", "iso": "MQ"},
          {"name": "Mauritania", "iso": "MR"},
          {"name": "Mauritius", "iso": "MU"},
          {"name": "Mayotte", "iso": "YT"},
          {"name": "Mellish Reef", "iso": "AU"},
          {"name": "Mexico", "iso": "MX"},
          {"name": "Micronesia", "iso": "FM"},
          {"name": "Midway Island", "iso": "US"},
          {"name": "Minami Torishima", "iso": "JP"},
          {"name": "Moldova", "iso": "MD"},
          {"name": "Monaco", "iso": "MC"},
          {"name": "Mongolia", "iso": "MN"},
          {"name": "Montenegro", "iso": "ME"},
          {"name": "Montserrat", "iso": "MS"},
          {"name": "Morocco", "iso": "MA"},
          {"name": "Mount Athos", "iso": "GR"},
          {"name": "Mozambique", "iso": "MZ"},
          {"name": "Myanmar", "iso": "MM"},
          {"name": "N.Z. Subantarctic Is.", "iso": "NZ"},
          {"name": "Namibia", "iso": "NA"},
          {"name": "Nauru", "iso": "NR"},
          {"name": "Navassa Island", "iso": "US"},
          {"name": "Nepal", "iso": "NP"},
          {"name": "Netherlands", "iso": "NL"},
          {"name": "New Caledonia", "iso": "NC"},
          {"name": "New Zealand", "iso": "NZ"},
          {"name": "Nicaragua", "iso": "NI"},
          {"name": "Niger", "iso": "NE"},
          {"name": "Nigeria", "iso": "NG"},
          {"name": "Niue", "iso": "NU"},
          {"name": "Norfolk Island", "iso": "NF"},
          {"name": "North Cook Islands", "iso": "CK"},
          {"name": "North Macedonia", "iso": "MK"},
          {"name": "Northern Ireland", "iso": "GB"},
          {"name": "Norway", "iso": "NO"},
          {"name": "Ogasawara", "iso": "JP"},
          {"name": "Oman", "iso": "OM"},
          {"name": "Pakistan", "iso": "PK"},
          {"name": "Palau", "iso": "PW"},
          {"name": "Palestine", "iso": "PS"},
          {"name": "Palmyra & Jarvis Islands", "iso": "UM"},
          {"name": "Panama", "iso": "PA"},
          {"name": "Papua New Guinea", "iso": "PG"},
          {"name": "Paraguay", "iso": "PY"},
          {"name": "Peru", "iso": "PE"},
          {"name": "Peter 1 Island", "iso": "AQ"},
          {"name": "Philippines", "iso": "PH"},
          {"name": "Pitcairn Island", "iso": "PN"},
          {"name": "Poland", "iso": "PL"},
          {"name": "Portugal", "iso": "PT"},
          {"name": "Pr. Edward & Marion Is.", "iso": "ZA"},
          {"name": "Pratas Island", "iso": "TW"},
          {"name": "Puerto Rico", "iso": "PR"},
          {"name": "Qatar", "iso": "QA"},
          {"name": "Republic of Korea", "iso": "KR"},
          {"name": "Republic of Kosovo", "iso": "XK"},
          {"name": "Republic of South Sudan", "iso": "SS"},
          {"name": "Republic of the Congo", "iso": "CG"},
          {"name": "Reunion Island", "iso": "RE"},
          {"name": "Revillagigedo", "iso": "MX"},
          {"name": "Rodriguez Island", "iso": "MU"},
          {"name": "Romania", "iso": "RO"},
          {"name": "Rotuma Island", "iso": "FJ"},
          {"name": "Rwanda", "iso": "RW"},
          {"name": "Saba & St. Eustatius", "iso": "NL"},
          {"name": "Sable Island", "iso": "CA"},
          {"name": "Samoa", "iso": "WS"},
          {"name": "San Andres & Providencia", "iso": "CO"},
          {"name": "San Felix & San Ambrosio", "iso": "CL"},
          {"name": "San Marino", "iso": "SM"},
          {"name": "Sao Tome & Principe", "iso": "ST"},
          {"name": "Sardinia", "iso": "IT"},
          {"name": "Saudi Arabia", "iso": "SA"},
          {"name": "Scarborough Reef", "iso": "PH"},
          {"name": "Scotland", "iso": "GB"},
          {"name": "Senegal", "iso": "SN"},
          {"name": "Serbia", "iso": "RS"},
          {"name": "Seychelles", "iso": "SC"},
          {"name": "Shetland Islands", "iso": "GB"},
          {"name": "Sicily", "iso": "IT"},
          {"name": "Sierra Leone", "iso": "SL"},
          {"name": "Singapore", "iso": "SG"},
          {"name": "Sint Maarten", "iso": "SX"},
          {"name": "Slovak Republic", "iso": "SK"},
          {"name": "Slovenia", "iso": "SI"},
          {"name": "Solomon Islands", "iso": "SB"},
          {"name": "Somalia", "iso": "SO"},
          {"name": "South Africa", "iso": "ZA"},
          {"name": "South Cook Islands", "iso": "CK"},
          {"name": "South Georgia Island", "iso": "GS"},
          {"name": "South Orkney Islands", "iso": "AQ"},
          {"name": "South Sandwich Islands", "iso": "GS"},
          {"name": "South Shetland Islands", "iso": "AQ"},
          {"name": "Sov Mil Order of Malta", "iso": "MT"},
          {"name": "Spain", "iso": "ES"},
          {"name": "Spratly Islands", "iso": ""},
          {"name": "Sri Lanka", "iso": "LK"},
          {"name": "St. Barthelemy", "iso": "BL"},
          {"name": "St. Helena", "iso": "SH"},
          {"name": "St. Kitts & Nevis", "iso": "KN"},
          {"name": "St. Lucia", "iso": "LC"},
          {"name": "St. Martin", "iso": "MF"},
          {"name": "St. Paul Island", "iso": "CA"},
          {"name": "St. Peter & St. Paul", "iso": "BR"},
          {"name": "St. Pierre & Miquelon", "iso": "PM"},
          {"name": "St. Vincent", "iso": "VC"},
          {"name": "Sudan", "iso": "SD"},
          {"name": "Suriname", "iso": "SR"},
          {"name": "Svalbard", "iso": "SJ"},
          {"name": "Swains Island", "iso": "AS"},
          {"name": "Sweden", "iso": "SE"},
          {"name": "Switzerland", "iso": "CH"},
          {"name": "Syria", "iso": "SY"},
          {"name": "Taiwan", "iso": "TW"},
          {"name": "Tajikistan", "iso": "TJ"},
          {"name": "Tanzania", "iso": "TZ"},
          {"name": "Temotu Province", "iso": "SB"},
          {"name": "Thailand", "iso": "TH"},
          {"name": "The Gambia", "iso": "GM"},
          {"name": "Timor - Leste", "iso": "TL"},
          {"name": "Togo", "iso": "TG"},
          {"name": "Tokelau Islands", "iso": "TK"},
          {"name": "Tonga", "iso": "TO"},
          {"name": "Trindade & Martim Vaz", "iso": "BR"},
          {"name": "Trinidad & Tobago", "iso": "TT"},
          {"name": "Tristan da Cunha & Gough", "iso": "SH"},
          {"name": "Tromelin Island", "iso": "FR"},
          {"name": "Tunisia", "iso": "TN"},
          {"name": "Turkmenistan", "iso": "TM"},
          {"name": "Turks & Caicos Islands", "iso": "TC"},
          {"name": "Tuvalu", "iso": "TV"},
          {"name": "Uganda", "iso": "UG"},
          {"name": "UK Base Areas on Cyprus", "iso": "GR"},
          {"name": "Ukraine", "iso": "UA"},
          {"name": "United Arab Emirates", "iso": "AE"},
          {"name": "United Nations HQ", "iso": ""},
          {"name": "United States", "iso": "US"},
          {"name": "Uruguay", "iso": "UY"},
          {"name": "US Virgin Islands", "iso": "VI"},
          {"name": "Uzbekistan", "iso": "UZ"},
          {"name": "Vanuatu", "iso": "VU"},
          {"name": "Vatican City", "iso": "VA"},
          {"name": "Venezuela", "iso": "VE"},
          {"name": "Vienna Intl Ctr", "iso": "AT"},
          {"name": "Vietnam", "iso": "VN"},
          {"name": "Wake Island", "iso": "UM"},
          {"name": "Wales", "iso": "GB"},
          {"name": "Wallis & Futuna Islands", "iso": "WF"},
          {"name": "West Malaysia", "iso": "MY"},
          {"name": "Western Kiribati", "iso": "KI"},
          {"name": "Western Sahara", "iso": "EH"},
          {"name": "Willis Island", "iso": "AU"},
          {"name": "Yemen", "iso": "YE"},
          {"name": "Zambia", "iso": "ZM"},
          {"name": "Zimbabwe", "iso": "ZW"}
    ]
}